{"cameraMode":{"drawMode":0,"name":"Shaded","section":"Shading Mode"},"sceneLighting":false,"audioPlay":false,"sceneViewState":{"showFog":true,"showMaterialUpdate":false,"showSkybox":false,"showFlares":true,"showImageEffects":true,"showParticleSystems":true},"in2DMode":false,"pivot":{"x":11.454824447631836,"y":-44.01640319824219,"z":44.887001037597659},"rotation":{"x":-0.3879760801792145,"y":-0.16398517787456513,"z":0.07036028802394867,"w":-0.9042331576347351},"size":38.12116241455078,"orthographic":false}