{"cameraMode":{"drawMode":0,"name":"Shaded","section":"Shading Mode"},"sceneLighting":false,"audioPlay":false,"sceneViewState":{"showFog":true,"showMaterialUpdate":false,"showSkybox":false,"showFlares":true,"showImageEffects":true,"showParticleSystems":true},"in2DMode":false,"pivot":{"x":42.82547378540039,"y":1.0000001192092896,"z":9.01688289642334},"rotation":{"x":-0.42509743571281435,"y":0.05073200538754463,"z":-0.023872045800089837,"w":-0.9034087061882019},"size":0.8660253882408142,"orthographic":false}