{"cameraMode":{"drawMode":0,"name":"Shaded","section":"Shading Mode"},"sceneLighting":true,"audioPlay":false,"sceneViewState":{"showFog":true,"showMaterialUpdate":false,"showSkybox":true,"showFlares":true,"showImageEffects":true,"showParticleSystems":true},"in2DMode":false,"pivot":{"x":36.51133728027344,"y":77.59861755371094,"z":-34.04241943359375},"rotation":{"x":-0.6207942962646484,"y":0.040398966521024707,"z":-0.03206034377217293,"w":-0.7822777628898621},"size":100.0100326538086,"orthographic":false}