{"cameraMode":{"drawMode":0,"name":"Shaded","section":"Shading Mode"},"sceneLighting":false,"audioPlay":false,"sceneViewState":{"showFog":true,"showMaterialUpdate":false,"showSkybox":false,"showFlares":true,"showImageEffects":true,"showParticleSystems":true},"in2DMode":false,"pivot":{"x":121.5472412109375,"y":433.84423828125,"z":0.9944765567779541},"rotation":{"x":-0.02544035017490387,"y":0.8792679905891419,"z":-0.4733024537563324,"w":-0.0472613088786602},"size":2.345207929611206,"orthographic":false}